{"count":1,"self":590.950912,"total":5500.3154373,"children":{"InitializeActuators":{"count":8,"self":0.0039978999999999995,"total":0.0039978999999999995,"children":null},"InitializeSensors":{"count":8,"self":0.009002099999999999,"total":0.009002099999999999,"children":null},"AgentSendState":{"count":340084,"self":283.1670016,"total":730.93361929999992,"children":{"CollectObservations":{"count":544136,"self":10.727493599999999,"total":10.7274937,"children":null},"WriteActionMask":{"count":544136,"self":1.1742548,"total":1.1742548,"children":null},"RequestDecision":{"count":544136,"self":5.7875612,"total":435.8648707,"children":{"AgentInfo.ToProto":{"count":544136,"self":5.8311752,"total":430.0773096,"children":{"GenerateSensorData":{"count":544136,"self":408.24158719999997,"total":424.2461345,"children":{"RayPerceptionSensor.Perceive":{"count":2176544,"self":16.004547199999998,"total":16.0045464,"children":null}}}}}}}}},"DecideAction":{"count":340084,"self":2999.8946303999996,"total":2999.8946281,"children":null},"AgentAct":{"count":340084,"self":1178.1867519999998,"total":1178.3472571,"children":{"AgentInfo.ToProto":{"count":190,"self":0.0030061999999999997,"total":0.16051269999999998,"children":{"GenerateSensorData":{"count":190,"self":0.1475134,"total":0.1575065,"children":{"RayPerceptionSensor.Perceive":{"count":760,"self":0.0099931,"total":0.0099931,"children":null}}}}}}},"AgentInfo.ToProto":{"count":166,"self":0.002018,"total":0.17204129999999998,"children":{"GenerateSensorData":{"count":166,"self":0.1629862,"total":0.1700233,"children":{"RayPerceptionSensor.Perceive":{"count":664,"self":0.0070370999999999993,"total":0.0070370999999999993,"children":null}}}}}},"gauges":{"Hardpoint.CumulativeReward":{"count":356,"max":45.1029739,"min":-10.000411,"runningAverage":8.559484,"value":8.866063,"weightedAverage":8.413317}},"metadata":{"timer_format_version":"0.1.0","start_time_seconds":"1651026536","unity_version":"2021.1.21f1","command_line_arguments":"C:\/Program Files\/Unity 2021.1.21f1\/Editor\/Unity.exe -projectpath C:\/Users\/Chloe\/OneDrive\/Desktop\/University\/CSC3032 Major Project in Computer Science\/CSC3032Coursework\/Final Year Project -useHub -hubIPC -cloudEnvironment production -hubSessionId bb824a00-be4d-11ec-b453-674e0dabf482 -accessToken fmde6vjJyw0AwwNc-W74wNn81Yh3ewrIXngwBdFKQ3k005f","communication_protocol_version":"1.5.0","com.unity.ml-agents_version":"2.2.1-exp.1","scene_name":"Training Enviroment","end_time_seconds":"1651032036"}}